-- phpMyAdmin SQL Dump
-- version 5.2.0
-- https://www.phpmyadmin.net/
--
-- Host: 127.0.0.1
-- Generation Time: Dec 23, 2022 at 05:32 PM
-- Server version: 10.4.24-MariaDB
-- PHP Version: 7.4.29

SET SQL_MODE = "NO_AUTO_VALUE_ON_ZERO";
START TRANSACTION;
SET time_zone = "+00:00";


/*!40101 SET @OLD_CHARACTER_SET_CLIENT=@@CHARACTER_SET_CLIENT */;
/*!40101 SET @OLD_CHARACTER_SET_RESULTS=@@CHARACTER_SET_RESULTS */;
/*!40101 SET @OLD_COLLATION_CONNECTION=@@COLLATION_CONNECTION */;
/*!40101 SET NAMES utf8mb4 */;

--
-- Database: `breadstore`
--

-- --------------------------------------------------------

--
-- Table structure for table `font_awsome`
--

CREATE TABLE `font_awsome` (
  `id` int(9) NOT NULL,
  `code` varchar(50) DEFAULT NULL
) ENGINE=InnoDB DEFAULT CHARSET=utf8;

--
-- Dumping data for table `font_awsome`
--

INSERT INTO `font_awsome` (`id`, `code`) VALUES
(1, 'fa fa-address-book'),
(2, 'fa fa-address-book-o'),
(3, 'fa fa-address-card'),
(4, 'fa fa-address-card-o'),
(5, 'fa fa-bandcamp'),
(6, 'fa fa-bath'),
(7, 'fa fa-bathtub'),
(8, 'fa fa-drivers-license'),
(9, 'fa fa-drivers-license-o'),
(10, 'fa fa-eercast'),
(11, 'fa fa-envelope-open'),
(12, 'fa fa-envelope-open-o'),
(13, 'fa fa-etsy'),
(14, 'fa fa-free-code-camp'),
(15, 'fa fa-grav'),
(16, 'fa fa-handshake-o'),
(17, 'fa fa-id-badge'),
(18, 'fa fa-id-card'),
(19, 'fa fa-id-card-o'),
(20, 'fa fa-imdb'),
(21, 'fa fa-linode'),
(22, 'fa fa-meetup'),
(23, 'fa fa-microchip'),
(24, 'fa fa-podcast'),
(25, 'fa fa-quora'),
(26, 'fa fa-ravelry'),
(27, 'fa fa-s15'),
(28, 'fa fa-shower'),
(29, 'fa fa-snowflake-o'),
(30, 'fa fa-superpowers'),
(31, 'fa fa-telegram'),
(32, 'fa fa-thermometer'),
(33, 'fa fa-thermometer-0'),
(34, 'fa fa-thermometer-1'),
(35, 'fa fa-thermometer-2'),
(36, 'fa fa-thermometer-3'),
(37, 'fa fa-thermometer-4'),
(38, 'fa fa-thermometer-empty'),
(39, 'fa fa-thermometer-full'),
(40, 'fa fa-thermometer-half'),
(41, 'fa fa-thermometer-quarter'),
(42, 'fa fa-thermometer-three-quarters'),
(43, 'fa fa-times-rectangle'),
(44, 'fa fa-times-rectangle-o'),
(45, 'fa fa-user-circle'),
(46, 'fa fa-user-circle-o'),
(47, 'fa fa-user-o'),
(48, 'fa fa-vcard'),
(49, 'fa fa-vcard-o'),
(50, 'fa fa-window-close'),
(51, 'fa fa-window-close-o'),
(52, 'fa fa-window-maximize'),
(53, 'fa fa-window-minimize'),
(54, 'fa fa-window-restore'),
(55, 'fa fa-wpexplorer'),
(56, 'fa fa-adjust'),
(57, 'fa fa-american-sign-language-interpreting'),
(58, 'fa fa-anchor'),
(59, 'fa fa-archive'),
(60, 'fa fa-area-chart'),
(61, 'fa fa-arrows'),
(62, 'fa fa-arrows-h'),
(63, 'fa fa-arrows-v'),
(64, 'fa fa-asl-interpreting'),
(65, 'fa fa-assistive-listening-systems'),
(66, 'fa fa-asterisk'),
(67, 'fa fa-at'),
(68, 'fa fa-audio-description'),
(69, 'fa fa-automobile'),
(70, 'fa fa-balance-scale'),
(71, 'fa fa-ban'),
(72, 'fa fa-bank'),
(73, 'fa fa-bar-chart'),
(74, 'fa fa-bar-chart-o'),
(75, 'fa fa-barcode'),
(76, 'fa fa-bars'),
(77, 'fa fa-battery'),
(78, 'fa fa-battery-0'),
(79, 'fa fa-battery-1'),
(80, 'fa fa-battery-2'),
(81, 'fa fa-battery-3'),
(82, 'fa fa-battery-4'),
(83, 'fa fa-battery-empty'),
(84, 'fa fa-battery-full'),
(85, 'fa fa-battery-half'),
(86, 'fa fa-battery-quarter'),
(87, 'fa fa-battery-three-quarters'),
(88, 'fa fa-bed'),
(89, 'fa fa-beer'),
(90, 'fa fa-bell'),
(91, 'fa fa-bell-o'),
(92, 'fa fa-bell-slash'),
(93, 'fa fa-bell-slash-o'),
(94, 'fa fa-bicycle'),
(95, 'fa fa-binoculars'),
(96, 'fa fa-birthday-cake'),
(97, 'fa fa-blind'),
(98, 'fa fa-bluetooth'),
(99, 'fa fa-bluetooth-b'),
(100, 'fa fa-bolt'),
(101, 'fa fa-bomb'),
(102, 'fa fa-book'),
(103, 'fa fa-bookmark'),
(104, 'fa fa-bookmark-o'),
(105, 'fa fa-braille'),
(106, 'fa fa-briefcase'),
(107, 'fa fa-bug'),
(108, 'fa fa-building'),
(109, 'fa fa-building-o'),
(110, 'fa fa-bullhorn'),
(111, 'fa fa-bullseye'),
(112, 'fa fa-bus'),
(113, 'fa fa-cab'),
(114, 'fa fa-calculator'),
(115, 'fa fa-calendar'),
(116, 'fa fa-calendar-check-o'),
(117, 'fa fa-calendar-minus-o'),
(118, 'fa fa-calendar-o'),
(119, 'fa fa-calendar-plus-o'),
(120, 'fa fa-calendar-times-o'),
(121, 'fa fa-camera'),
(122, 'fa fa-camera-retro'),
(123, 'fa fa-car'),
(124, 'fa fa-caret-square-o-down'),
(125, 'fa fa-caret-square-o-left'),
(126, 'fa fa-caret-square-o-right'),
(127, 'fa fa-caret-square-o-up'),
(128, 'fa fa-cart-arrow-down'),
(129, 'fa fa-cart-plus'),
(130, 'fa fa-cc'),
(131, 'fa fa-certificate'),
(132, 'fa fa-check'),
(133, 'fa fa-check-circle'),
(134, 'fa fa-check-circle-o'),
(135, 'fa fa-check-square'),
(136, 'fa fa-check-square-o'),
(137, 'fa fa-child'),
(138, 'fa fa-circle'),
(139, 'fa fa-circle-o'),
(140, 'fa fa-circle-o-notch'),
(141, 'fa fa-circle-thin'),
(142, 'fa fa-clock-o'),
(143, 'fa fa-clone'),
(144, 'fa fa-close'),
(145, 'fa fa-cloud'),
(146, 'fa fa-cloud-download'),
(147, 'fa fa-cloud-upload'),
(148, 'fa fa-code'),
(149, 'fa fa-code-fork'),
(150, 'fa fa-coffee'),
(151, 'fa fa-cog'),
(152, 'fa fa-cogs'),
(153, 'fa fa-comment'),
(154, 'fa fa-comment-o'),
(155, 'fa fa-commenting'),
(156, 'fa fa-commenting-o'),
(157, 'fa fa-comments'),
(158, 'fa fa-comments-o'),
(159, 'fa fa-compass'),
(160, 'fa fa-copyright'),
(161, 'fa fa-creative-commons'),
(162, 'fa fa-credit-card'),
(163, 'fa fa-credit-card-alt'),
(164, 'fa fa-crop'),
(165, 'fa fa-crosshairs'),
(166, 'fa fa-cube'),
(167, 'fa fa-cubes'),
(168, 'fa fa-cutlery'),
(169, 'fa fa-dashboard'),
(170, 'fa fa-database'),
(171, 'fa fa-deaf'),
(172, 'fa fa-deafness'),
(173, 'fa fa-desktop'),
(174, 'fa fa-diamond'),
(175, 'fa fa-dot-circle-o'),
(176, 'fa fa-download'),
(177, 'fa fa-edit'),
(178, 'fa fa-ellipsis-h'),
(179, 'fa fa-ellipsis-v'),
(180, 'fa fa-envelope'),
(181, 'fa fa-envelope-o'),
(182, 'fa fa-envelope-square'),
(183, 'fa fa-eraser'),
(184, 'fa fa-exchange'),
(185, 'fa fa-exclamation'),
(186, 'fa fa-exclamation-circle'),
(187, 'fa fa-exclamation-triangle'),
(188, 'fa fa-external-link'),
(189, 'fa fa-external-link-square'),
(190, 'fa fa-eye'),
(191, 'fa fa-eye-slash'),
(192, 'fa fa-eyedropper'),
(193, 'fa fa-fax'),
(194, 'fa fa-feed'),
(195, 'fa fa-female'),
(196, 'fa fa-fighter-jet'),
(197, 'fa fa-file-archive-o'),
(198, 'fa fa-file-audio-o'),
(199, 'fa fa-file-code-o'),
(200, 'fa fa-file-excel-o'),
(201, 'fa fa-file-image-o'),
(202, 'fa fa-file-movie-o'),
(203, 'fa fa-file-pdf-o'),
(204, 'fa fa-file-photo-o'),
(205, 'fa fa-file-picture-o'),
(206, 'fa fa-file-powerpoint-o'),
(207, 'fa fa-file-sound-o'),
(208, 'fa fa-file-video-o'),
(209, 'fa fa-file-word-o'),
(210, 'fa fa-file-zip-o'),
(211, 'fa fa-film'),
(212, 'fa fa-filter'),
(213, 'fa fa-fire'),
(214, 'fa fa-fire-extinguisher'),
(215, 'fa fa-flag'),
(216, 'fa fa-flag-checkered'),
(217, 'fa fa-flag-o'),
(218, 'fa fa-flash'),
(219, 'fa fa-flask'),
(220, 'fa fa-folder'),
(221, 'fa fa-folder-o'),
(222, 'fa fa-folder-open'),
(223, 'fa fa-folder-open-o'),
(224, 'fa fa-frown-o'),
(225, 'fa fa-futbol-o'),
(226, 'fa fa-gamepad'),
(227, 'fa fa-gavel'),
(228, 'fa fa-gear'),
(229, 'fa fa-gears'),
(230, 'fa fa-gift'),
(231, 'fa fa-glass'),
(232, 'fa fa-globe'),
(233, 'fa fa-graduation-cap'),
(234, 'fa fa-group'),
(235, 'fa fa-hand-grab-o'),
(236, 'fa fa-hand-lizard-o'),
(237, 'fa fa-hand-paper-o'),
(238, 'fa fa-hand-peace-o'),
(239, 'fa fa-hand-pointer-o'),
(240, 'fa fa-hand-rock-o'),
(241, 'fa fa-hand-scissors-o'),
(242, 'fa fa-hand-spock-o'),
(243, 'fa fa-hand-stop-o'),
(244, 'fa fa-hard-of-hearing'),
(245, 'fa fa-hashtag'),
(246, 'fa fa-hdd-o'),
(247, 'fa fa-headphones'),
(248, 'fa fa-heart'),
(249, 'fa fa-heart-o'),
(250, 'fa fa-heartbeat'),
(251, 'fa fa-history'),
(252, 'fa fa-home'),
(253, 'fa fa-hotel'),
(254, 'fa fa-hourglass'),
(255, 'fa fa-hourglass-1'),
(256, 'fa fa-hourglass-2'),
(257, 'fa fa-hourglass-3'),
(258, 'fa fa-hourglass-end'),
(259, 'fa fa-hourglass-half'),
(260, 'fa fa-hourglass-o'),
(261, 'fa fa-hourglass-start'),
(262, 'fa fa-i-cursor'),
(263, 'fa fa-image'),
(264, 'fa fa-inbox'),
(265, 'fa fa-industry'),
(266, 'fa fa-info'),
(267, 'fa fa-info-circle'),
(268, 'fa fa-institution'),
(269, 'fa fa-key'),
(270, 'fa fa-keyboard-o'),
(271, 'fa fa-language'),
(272, 'fa fa-laptop'),
(273, 'fa fa-leaf'),
(274, 'fa fa-legal'),
(275, 'fa fa-lemon-o'),
(276, 'fa fa-level-down'),
(277, 'fa fa-level-up'),
(278, 'fa fa-life-bouy'),
(279, 'fa fa-life-buoy'),
(280, 'fa fa-life-ring'),
(281, 'fa fa-life-saver'),
(282, 'fa fa-lightbulb-o'),
(283, 'fa fa-line-chart'),
(284, 'fa fa-location-arrow'),
(285, 'fa fa-lock'),
(286, 'fa fa-low-vision'),
(287, 'fa fa-magic'),
(288, 'fa fa-magnet'),
(289, 'fa fa-mail-forward'),
(290, 'fa fa-mail-reply'),
(291, 'fa fa-mail-reply-all'),
(292, 'fa fa-male'),
(293, 'fa fa-map'),
(294, 'fa fa-map-marker'),
(295, 'fa fa-map-o'),
(296, 'fa fa-map-pin'),
(297, 'fa fa-map-signs'),
(298, 'fa fa-meh-o'),
(299, 'fa fa-microphone'),
(300, 'fa fa-microphone-slash'),
(301, 'fa fa-minus'),
(302, 'fa fa-minus-circle'),
(303, 'fa fa-minus-square'),
(304, 'fa fa-minus-square-o'),
(305, 'fa fa-mobile'),
(306, 'fa fa-mobile-phone'),
(307, 'fa fa-money'),
(308, 'fa fa-moon-o'),
(309, 'fa fa-mortar-board'),
(310, 'fa fa-motorcycle'),
(311, 'fa fa-mouse-pointer'),
(312, 'fa fa-music'),
(313, 'fa fa-navicon'),
(314, 'fa fa-newspaper-o'),
(315, 'fa fa-object-group'),
(316, 'fa fa-object-ungroup'),
(317, 'fa fa-paint-brush'),
(318, 'fa fa-paper-plane'),
(319, 'fa fa-paper-plane-o'),
(320, 'fa fa-paw'),
(321, 'fa fa-pencil'),
(322, 'fa fa-pencil-square'),
(323, 'fa fa-pencil-square-o'),
(324, 'fa fa-percent'),
(325, 'fa fa-phone'),
(326, 'fa fa-phone-square'),
(327, 'fa fa-photo'),
(328, 'fa fa-picture-o'),
(329, 'fa fa-pie-chart'),
(330, 'fa fa-plane'),
(331, 'fa fa-plug'),
(332, 'fa fa-plus'),
(333, 'fa fa-plus-circle'),
(334, 'fa fa-plus-square'),
(335, 'fa fa-plus-square-o'),
(336, 'fa fa-power-off'),
(337, 'fa fa-print'),
(338, 'fa fa-puzzle-piece'),
(339, 'fa fa-qrcode'),
(340, 'fa fa-question'),
(341, 'fa fa-question-circle'),
(342, 'fa fa-question-circle-o'),
(343, 'fa fa-quote-left'),
(344, 'fa fa-quote-right'),
(345, 'fa fa-random'),
(346, 'fa fa-recycle'),
(347, 'fa fa-refresh'),
(348, 'fa fa-registered'),
(349, 'fa fa-remove'),
(350, 'fa fa-reorder'),
(351, 'fa fa-reply'),
(352, 'fa fa-reply-all'),
(353, 'fa fa-retweet'),
(354, 'fa fa-road'),
(355, 'fa fa-rocket'),
(356, 'fa fa-rss'),
(357, 'fa fa-rss-square'),
(358, 'fa fa-search'),
(359, 'fa fa-search-minus'),
(360, 'fa fa-search-plus'),
(361, 'fa fa-send'),
(362, 'fa fa-send-o'),
(363, 'fa fa-server'),
(364, 'fa fa-share'),
(365, 'fa fa-share-alt'),
(366, 'fa fa-share-alt-square'),
(367, 'fa fa-share-square'),
(368, 'fa fa-share-square-o'),
(369, 'fa fa-shield'),
(370, 'fa fa-ship'),
(371, 'fa fa-shopping-bag'),
(372, 'fa fa-shopping-basket'),
(373, 'fa fa-shopping-cart'),
(374, 'fa fa-sign-in'),
(375, 'fa fa-sign-language'),
(376, 'fa fa-sign-out'),
(377, 'fa fa-signal'),
(378, 'fa fa-signing'),
(379, 'fa fa-sitemap'),
(380, 'fa fa-sliders'),
(381, 'fa fa-smile-o'),
(382, 'fa fa-soccer-ball-o'),
(383, 'fa fa-sort'),
(384, 'fa fa-sort-alpha-asc'),
(385, 'fa fa-sort-alpha-desc'),
(386, 'fa fa-sort-amount-asc'),
(387, 'fa fa-sort-amount-desc'),
(388, 'fa fa-sort-asc'),
(389, 'fa fa-sort-desc'),
(390, 'fa fa-sort-down'),
(391, 'fa fa-sort-numeric-asc'),
(392, 'fa fa-sort-numeric-desc'),
(393, 'fa fa-sort-up'),
(394, 'fa fa-space-shuttle'),
(395, 'fa fa-spinner'),
(396, 'fa fa-spoon'),
(397, 'fa fa-square'),
(398, 'fa fa-square-o'),
(399, 'fa fa-star'),
(400, 'fa fa-star-half'),
(401, 'fa fa-star-half-empty'),
(402, 'fa fa-star-half-full'),
(403, 'fa fa-star-half-o'),
(404, 'fa fa-star-o'),
(405, 'fa fa-sticky-note'),
(406, 'fa fa-sticky-note-o'),
(407, 'fa fa-street-view'),
(408, 'fa fa-suitcase'),
(409, 'fa fa-sun-o'),
(410, 'fa fa-support'),
(411, 'fa fa-tablet'),
(412, 'fa fa-tachometer'),
(413, 'fa fa-tag'),
(414, 'fa fa-tags'),
(415, 'fa fa-tasks'),
(416, 'fa fa-taxi'),
(417, 'fa fa-television'),
(418, 'fa fa-terminal'),
(419, 'fa fa-thumb-tack'),
(420, 'fa fa-thumbs-down'),
(421, 'fa fa-thumbs-o-down'),
(422, 'fa fa-thumbs-o-up'),
(423, 'fa fa-thumbs-up'),
(424, 'fa fa-ticket'),
(425, 'fa fa-times'),
(426, 'fa fa-times-circle'),
(427, 'fa fa-times-circle-o'),
(428, 'fa fa-tint'),
(429, 'fa fa-toggle-down'),
(430, 'fa fa-toggle-left'),
(431, 'fa fa-toggle-off'),
(432, 'fa fa-toggle-on'),
(433, 'fa fa-toggle-right'),
(434, 'fa fa-toggle-up'),
(435, 'fa fa-trademark'),
(436, 'fa fa-trash'),
(437, 'fa fa-trash-o'),
(438, 'fa fa-tree'),
(439, 'fa fa-trophy'),
(440, 'fa fa-truck'),
(441, 'fa fa-tty'),
(442, 'fa fa-tv'),
(443, 'fa fa-umbrella'),
(444, 'fa fa-universal-access'),
(445, 'fa fa-university'),
(446, 'fa fa-unlock'),
(447, 'fa fa-unlock-alt'),
(448, 'fa fa-unsorted'),
(449, 'fa fa-upload'),
(450, 'fa fa-user'),
(451, 'fa fa-user-plus'),
(452, 'fa fa-user-secret'),
(453, 'fa fa-user-times'),
(454, 'fa fa-users'),
(455, 'fa fa-video-camera'),
(456, 'fa fa-volume-control-phone'),
(457, 'fa fa-volume-down'),
(458, 'fa fa-volume-off'),
(459, 'fa fa-volume-up'),
(460, 'fa fa-warning'),
(461, 'fa fa-wheelchair'),
(462, 'fa fa-wheelchair-alt'),
(463, 'fa fa-wifi'),
(464, 'fa fa-wrench'),
(465, 'fa fa-hand-o-down'),
(466, 'fa fa-hand-o-left'),
(467, 'fa fa-hand-o-right'),
(468, 'fa fa-hand-o-up'),
(469, 'fa fa-ambulance'),
(470, 'fa fa-subway'),
(471, 'fa fa-train'),
(472, 'fa fa-genderless'),
(473, 'fa fa-intersex'),
(474, 'fa fa-mars'),
(475, 'fa fa-mars-double'),
(476, 'fa fa-mars-stroke'),
(477, 'fa fa-mars-stroke-h'),
(478, 'fa fa-mars-stroke-v'),
(479, 'fa fa-mercury'),
(480, 'fa fa-neuter'),
(481, 'fa fa-transgender'),
(482, 'fa fa-transgender-alt'),
(483, 'fa fa-venus'),
(484, 'fa fa-venus-double'),
(485, 'fa fa-venus-mars'),
(486, 'fa fa-file'),
(487, 'fa fa-file-o'),
(488, 'fa fa-file-text'),
(489, 'fa fa-file-text-o'),
(490, 'fa fa-cc-amex'),
(491, 'fa fa-cc-diners-club'),
(492, 'fa fa-cc-discover'),
(493, 'fa fa-cc-jcb'),
(494, 'fa fa-cc-mastercard'),
(495, 'fa fa-cc-paypal'),
(496, 'fa fa-cc-stripe'),
(497, 'fa fa-cc-visa'),
(498, 'fa fa-google-wallet'),
(499, 'fa fa-paypal'),
(500, 'fa fa-bitcoin'),
(501, 'fa fa-btc'),
(502, 'fa fa-cny'),
(503, 'fa fa-dollar'),
(504, 'fa fa-eur'),
(505, 'fa fa-euro'),
(506, 'fa fa-gbp'),
(507, 'fa fa-gg'),
(508, 'fa fa-gg-circle'),
(509, 'fa fa-ils'),
(510, 'fa fa-inr'),
(511, 'fa fa-jpy'),
(512, 'fa fa-krw'),
(513, 'fa fa-rmb'),
(514, 'fa fa-rouble'),
(515, 'fa fa-rub'),
(516, 'fa fa-ruble'),
(517, 'fa fa-rupee'),
(518, 'fa fa-shekel'),
(519, 'fa fa-sheqel'),
(520, 'fa fa-try'),
(521, 'fa fa-turkish-lira'),
(522, 'fa fa-usd'),
(523, 'fa fa-viacoin'),
(524, 'fa fa-won'),
(525, 'fa fa-yen'),
(526, 'fa fa-align-center'),
(527, 'fa fa-align-justify'),
(528, 'fa fa-align-left'),
(529, 'fa fa-align-right'),
(530, 'fa fa-bold'),
(531, 'fa fa-chain'),
(532, 'fa fa-chain-broken'),
(533, 'fa fa-clipboard'),
(534, 'fa fa-columns'),
(535, 'fa fa-copy'),
(536, 'fa fa-cut'),
(537, 'fa fa-dedent'),
(538, 'fa fa-files-o'),
(539, 'fa fa-floppy-o'),
(540, 'fa fa-font'),
(541, 'fa fa-header'),
(542, 'fa fa-indent'),
(543, 'fa fa-italic'),
(544, 'fa fa-link'),
(545, 'fa fa-list'),
(546, 'fa fa-list-alt'),
(547, 'fa fa-list-ol'),
(548, 'fa fa-list-ul'),
(549, 'fa fa-outdent'),
(550, 'fa fa-paperclip'),
(551, 'fa fa-paragraph'),
(552, 'fa fa-paste'),
(553, 'fa fa-repeat'),
(554, 'fa fa-rotate-left'),
(555, 'fa fa-rotate-right'),
(556, 'fa fa-save'),
(557, 'fa fa-scissors'),
(558, 'fa fa-strikethrough'),
(559, 'fa fa-subscript'),
(560, 'fa fa-superscript'),
(561, 'fa fa-table'),
(562, 'fa fa-text-height'),
(563, 'fa fa-text-width'),
(564, 'fa fa-th'),
(565, 'fa fa-th-large'),
(566, 'fa fa-th-list'),
(567, 'fa fa-underline'),
(568, 'fa fa-undo'),
(569, 'fa fa-unlink'),
(570, 'fa fa-angle-double-down'),
(571, 'fa fa-angle-double-left'),
(572, 'fa fa-angle-double-right'),
(573, 'fa fa-angle-double-up'),
(574, 'fa fa-angle-down'),
(575, 'fa fa-angle-left'),
(576, 'fa fa-angle-right'),
(577, 'fa fa-angle-up'),
(578, 'fa fa-arrow-circle-down'),
(579, 'fa fa-arrow-circle-left'),
(580, 'fa fa-arrow-circle-o-down'),
(581, 'fa fa-arrow-circle-o-left'),
(582, 'fa fa-arrow-circle-o-right'),
(583, 'fa fa-arrow-circle-o-up'),
(584, 'fa fa-arrow-circle-right'),
(585, 'fa fa-arrow-circle-up'),
(586, 'fa fa-arrow-down'),
(587, 'fa fa-arrow-left'),
(588, 'fa fa-arrow-right'),
(589, 'fa fa-arrow-up'),
(590, 'fa fa-arrows-alt'),
(591, 'fa fa-caret-down'),
(592, 'fa fa-caret-left'),
(593, 'fa fa-caret-right'),
(594, 'fa fa-caret-up'),
(595, 'fa fa-chevron-circle-down'),
(596, 'fa fa-chevron-circle-left'),
(597, 'fa fa-chevron-circle-right'),
(598, 'fa fa-chevron-circle-up'),
(599, 'fa fa-chevron-down'),
(600, 'fa fa-chevron-left'),
(601, 'fa fa-chevron-right'),
(602, 'fa fa-chevron-up'),
(603, 'fa fa-long-arrow-down'),
(604, 'fa fa-long-arrow-left'),
(605, 'fa fa-long-arrow-right'),
(606, 'fa fa-long-arrow-up'),
(607, 'fa fa-backward'),
(608, 'fa fa-compress'),
(609, 'fa fa-eject'),
(610, 'fa fa-expand'),
(611, 'fa fa-fast-backward'),
(612, 'fa fa-fast-forward'),
(613, 'fa fa-forward'),
(614, 'fa fa-pause'),
(615, 'fa fa-pause-circle'),
(616, 'fa fa-pause-circle-o'),
(617, 'fa fa-play'),
(618, 'fa fa-play-circle'),
(619, 'fa fa-play-circle-o'),
(620, 'fa fa-step-backward'),
(621, 'fa fa-step-forward'),
(622, 'fa fa-stop'),
(623, 'fa fa-stop-circle'),
(624, 'fa fa-stop-circle-o'),
(625, 'fa fa-youtube-play'),
(626, 'fa fa-500px'),
(627, 'fa fa-adn'),
(628, 'fa fa-amazon'),
(629, 'fa fa-android'),
(630, 'fa fa-angellist'),
(631, 'fa fa-apple'),
(632, 'fa fa-behance'),
(633, 'fa fa-behance-square'),
(634, 'fa fa-bitbucket'),
(635, 'fa fa-bitbucket-square'),
(636, 'fa fa-black-tie'),
(637, 'fa fa-buysellads'),
(638, 'fa fa-chrome'),
(639, 'fa fa-codepen'),
(640, 'fa fa-codiepie'),
(641, 'fa fa-connectdevelop'),
(642, 'fa fa-contao'),
(643, 'fa fa-css3'),
(644, 'fa fa-dashcube'),
(645, 'fa fa-delicious'),
(646, 'fa fa-deviantart'),
(647, 'fa fa-digg'),
(648, 'fa fa-dribbble'),
(649, 'fa fa-dropbox'),
(650, 'fa fa-drupal'),
(651, 'fa fa-edge'),
(652, 'fa fa-empire'),
(653, 'fa fa-envira'),
(654, 'fa fa-expeditedssl'),
(655, 'fa fa-fa'),
(656, 'fa fa-facebook'),
(657, 'fa fa-facebook-f'),
(658, 'fa fa-facebook-official'),
(659, 'fa fa-facebook-square'),
(660, 'fa fa-firefox'),
(661, 'fa fa-first-order'),
(662, 'fa fa-flickr'),
(663, 'fa fa-font-awesome'),
(664, 'fa fa-fonticons'),
(665, 'fa fa-fort-awesome'),
(666, 'fa fa-forumbee'),
(667, 'fa fa-foursquare'),
(668, 'fa fa-ge'),
(669, 'fa fa-get-pocket'),
(670, 'fa fa-git'),
(671, 'fa fa-git-square'),
(672, 'fa fa-github'),
(673, 'fa fa-github-alt'),
(674, 'fa fa-github-square'),
(675, 'fa fa-gitlab'),
(676, 'fa fa-gittip'),
(677, 'fa fa-glide'),
(678, 'fa fa-glide-g'),
(679, 'fa fa-google'),
(680, 'fa fa-google-plus'),
(681, 'fa fa-google-plus-circle'),
(682, 'fa fa-google-plus-official'),
(683, 'fa fa-google-plus-square'),
(684, 'fa fa-gratipay'),
(685, 'fa fa-hacker-news'),
(686, 'fa fa-houzz'),
(687, 'fa fa-html5'),
(688, 'fa fa-instagram'),
(689, 'fa fa-internet-explorer'),
(690, 'fa fa-ioxhost'),
(691, 'fa fa-joomla'),
(692, 'fa fa-jsfiddle'),
(693, 'fa fa-lastfm'),
(694, 'fa fa-lastfm-square'),
(695, 'fa fa-leanpub'),
(696, 'fa fa-linkedin'),
(697, 'fa fa-linkedin-square'),
(698, 'fa fa-linux'),
(699, 'fa fa-maxcdn'),
(700, 'fa fa-meanpath'),
(701, 'fa fa-medium'),
(702, 'fa fa-mixcloud'),
(703, 'fa fa-modx'),
(704, 'fa fa-odnoklassniki'),
(705, 'fa fa-odnoklassniki-square'),
(706, 'fa fa-opencart'),
(707, 'fa fa-openid'),
(708, 'fa fa-opera'),
(709, 'fa fa-optin-monster'),
(710, 'fa fa-pagelines'),
(711, 'fa fa-pied-piper'),
(712, 'fa fa-pied-piper-alt'),
(713, 'fa fa-pied-piper-pp'),
(714, 'fa fa-pinterest'),
(715, 'fa fa-pinterest-p'),
(716, 'fa fa-pinterest-square'),
(717, 'fa fa-product-hunt'),
(718, 'fa fa-qq'),
(719, 'fa fa-ra'),
(720, 'fa fa-rebel'),
(721, 'fa fa-reddit'),
(722, 'fa fa-reddit-alien'),
(723, 'fa fa-reddit-square'),
(724, 'fa fa-renren'),
(725, 'fa fa-resistance'),
(726, 'fa fa-safari'),
(727, 'fa fa-scribd'),
(728, 'fa fa-sellsy'),
(729, 'fa fa-shirtsinbulk'),
(730, 'fa fa-simplybuilt'),
(731, 'fa fa-skyatlas'),
(732, 'fa fa-skype'),
(733, 'fa fa-slack'),
(734, 'fa fa-slideshare'),
(735, 'fa fa-snapchat'),
(736, 'fa fa-snapchat-ghost'),
(737, 'fa fa-snapchat-square'),
(738, 'fa fa-soundcloud'),
(739, 'fa fa-spotify'),
(740, 'fa fa-stack-exchange'),
(741, 'fa fa-stack-overflow'),
(742, 'fa fa-steam'),
(743, 'fa fa-steam-square'),
(744, 'fa fa-stumbleupon'),
(745, 'fa fa-stumbleupon-circle'),
(746, 'fa fa-tencent-weibo'),
(747, 'fa fa-themeisle'),
(748, 'fa fa-trello'),
(749, 'fa fa-tripadvisor'),
(750, 'fa fa-tumblr'),
(751, 'fa fa-tumblr-square'),
(752, 'fa fa-twitch'),
(753, 'fa fa-twitter'),
(754, 'fa fa-twitter-square'),
(755, 'fa fa-usb'),
(756, 'fa fa-viadeo'),
(757, 'fa fa-viadeo-square'),
(758, 'fa fa-vimeo'),
(759, 'fa fa-vimeo-square'),
(760, 'fa fa-vine'),
(761, 'fa fa-vk'),
(762, 'fa fa-wechat'),
(763, 'fa fa-weibo'),
(764, 'fa fa-weixin'),
(765, 'fa fa-whatsapp'),
(766, 'fa fa-wikipedia-w'),
(767, 'fa fa-windows'),
(768, 'fa fa-wordpress'),
(769, 'fa fa-wpbeginner'),
(770, 'fa fa-wpforms'),
(771, 'fa fa-xing'),
(772, 'fa fa-xing-square'),
(773, 'fa fa-y-combinator'),
(774, 'fa fa-y-combinator-square'),
(775, 'fa fa-yahoo'),
(776, 'fa fa-yc'),
(777, 'fa fa-yc-square'),
(778, 'fa fa-yelp'),
(779, 'fa fa-yoast'),
(780, 'fa fa-youtube'),
(781, 'fa fa-youtube-square'),
(782, 'fa fa-h-square'),
(783, 'fa fa-hospital-o'),
(784, 'fa fa-medkit'),
(785, 'fa fa-stethoscope'),
(786, 'fa fa-user-md');

-- --------------------------------------------------------

--
-- Table structure for table `gendata`
--

CREATE TABLE `gendata` (
  `table_name` varchar(30) NOT NULL,
  `table_id` int(11) NOT NULL
) ENGINE=InnoDB DEFAULT CHARSET=utf8;

--
-- Dumping data for table `gendata`
--

INSERT INTO `gendata` (`table_name`, `table_id`) VALUES
('menu', 144),
('transaction_table', 1),
('users', 22),
('staff', 95),
('loans', 13),
('allowance', 12),
('designation', 4),
('deduction', 22),
('loan_setup', 148),
('payroll', 26),
('leave', 1),
('staff_leave', 4),
('vehicle_sidenumbers', 169),
('ART/PU', 21),
('NARTO/PU', 7),
('CILT/TX', 4),
('$SDNI', 2),
('ILT/TX', 12),
('AGA/TK', 13),
('URT/MB', 6),
('TEA/LBS', 1),
('URT/LI', 2),
('URT/PU', 2),
('ART/TC', 3),
('AGA/MB', 3),
('TEA/PU', 3),
('AGA/LI', 2),
('ART/TX', 2),
('ILT/TC', 2),
('/', 20),
('/OFEXL', 1),
('OFEXL/OVL-02', 48),
('OmmEXL/OVL-02', 1),
('OmmEXLOVL-02', 1),
('Miscellaneous Fees/MISCACCINSP', 1),
('Miscellaneous Fees/MISCACCINSP', 1),
('MiscellaneousFees/MISCACCINSPA', 1),
('ees/MISCACCINSPAV', 1),
('ous/MISCACCINSPAV', 1),
('ane/MISCACCINSPAV', 1),
('ane/PAV', 26),
('ane/PAV/', 1),
('PAVane/', 1),
('PAVane', 4),
('SRMngs', 202),
('', 1),
('ngs', 3),
('AGA/LY', 2),
('ILT/LBS', 1),
('MR/TX', 1),
('URT/TC', 8),
('AGA/TC', 3),
('TEA/MB', 2),
('TEA/TC', 1),
('ART/TK', 22),
('ILT/PU', 2),
('MR/LI', 1),
('ILT/MB', 1),
('TEA/TK', 1),
('AGA/PU', 8),
('URT/TK', 3),
('TEA/LI', 1),
('ART/LBS', 2),
('ILT/TK', 1),
('TEA/LY', 1),
('ART/LY', 2),
('AM/NARTO', 4),
('PLA/RU/D', 1),
('PLA/OT/RTE', 1),
('PLA/IC/NUR', 1),
('PLA//NAR', 1),
('PLA/EL/NUR', 7),
('PLA/AT/ACO', 2),
('PLA/EL/NAG', 8),
('PLA/OP/CIL', 2),
('PLA/MA/NUR', 1),
('PLA/MA/RTE', 4),
('PLA/EL/RTE', 1),
('PLA/US/NAR', 1),
('PLA/US/NUR', 2),
('PLA/AN/NAR', 1),
('PLA/RO/NUR', 1),
('PLA/FG/NAR', 1),
('PLA/US/ACO', 1),
('PLA/27/NAR', 1),
('PLA/BSLT/NAR', 2);

-- --------------------------------------------------------

--
-- Table structure for table `lga`
--

CREATE TABLE `lga` (
  `stateid` varchar(3) DEFAULT NULL,
  `State` varchar(50) DEFAULT NULL,
  `Lga` varchar(50) DEFAULT NULL,
  `Lgaid` int(11) NOT NULL
) ENGINE=InnoDB DEFAULT CHARSET=latin1;

--
-- Dumping data for table `lga`
--

INSERT INTO `lga` (`stateid`, `State`, `Lga`, `Lgaid`) VALUES
('033', 'RIVERS', 'Asaritoru', 2),
('017', 'IMO', 'Aboh mbaise', 3),
('031', 'OYO', 'Oluyole', 5),
('009', 'CROSS RIVERS', 'Bekwara', 6),
('028', 'OGUN', 'Abeokuta east', 7),
('028', 'OGUN', 'Yemoji', 8),
('012', 'EDO', 'Etsakor', 9),
('010', 'DELTA', 'Ethiope west', 10),
('004', 'ANAMBRA', 'Idemili', 11),
('023', 'KOGI', 'Ijumu iyara', 12),
('023', 'KOGI', 'Mopa-muro', 13),
('001', 'ABIA', 'Aba north', 14),
('001', 'ABIA', 'Aba south', 15),
('001', 'ABIA', 'Arochukwu', 16),
('001', 'ABIA', 'Bende', 17),
('001', 'ABIA', 'Ikwuano', 18),
('001', 'ABIA', 'Isiala-ngwa north', 19),
('001', 'ABIA', 'Isiala-ngwa south', 20),
('001', 'ABIA', 'Isukwuato', 21),
('001', 'ABIA', 'Obiomangwa', 22),
('001', 'ABIA', 'Ohafia', 23),
('001', 'ABIA', 'Osisioma ngwa', 24),
('001', 'ABIA', 'Ugwunagbo', 25),
('001', 'ABIA', 'Ukwa east', 26),
('001', 'ABIA', 'Ukwa west', 27),
('001', 'ABIA', 'Umuahia north', 28),
('001', 'ABIA', 'Umuahia south', 29),
('001', 'ABIA', 'Umu-nneochi', 30),
('002', 'ADAMAWA', 'Demsa', 31),
('002', 'ADAMAWA', 'Fufore', 32),
('002', 'ADAMAWA', 'Ganye', 33),
('002', 'ADAMAWA', 'Girei', 34),
('002', 'ADAMAWA', 'Gombi', 35),
('002', 'ADAMAWA', 'Guyuk', 36),
('002', 'ADAMAWA', 'Hong', 37),
('002', 'ADAMAWA', 'Jada', 38),
('002', 'ADAMAWA', 'Lamurde', 39),
('002', 'ADAMAWA', 'Madagali', 40),
('002', 'ADAMAWA', 'Maiha', 41),
('002', 'ADAMAWA', 'Mayo-belwa', 42),
('002', 'ADAMAWA', 'Michika', 43),
('002', 'ADAMAWA', 'Mubi north', 44),
('002', 'ADAMAWA', 'Mubi south', 45),
('002', 'ADAMAWA', 'Numan', 46),
('002', 'ADAMAWA', 'Shelleng', 47),
('002', 'ADAMAWA', 'Song', 48),
('002', 'ADAMAWA', 'Toungo', 49),
('002', 'ADAMAWA', 'Yola north', 50),
('002', 'ADAMAWA', 'Yola south', 51),
('003', 'AKWA IBOM', 'Abak', 52),
('003', 'AKWA IBOM', 'Eastern obolo', 53),
('003', 'AKWA IBOM', 'Eket', 54),
('003', 'AKWA IBOM', 'Esit eket', 55),
('003', 'AKWA IBOM', 'Essien udim', 56),
('003', 'AKWA IBOM', 'Etim ekpo', 57),
('003', 'AKWA IBOM', 'Etinan', 58),
('003', 'AKWA IBOM', 'Ibeno', 59),
('003', 'AKWA IBOM', 'Ibesikpo asutan', 60),
('003', 'AKWA IBOM', 'Ibiono ibom', 61),
('003', 'AKWA IBOM', 'Ika', 62),
('003', 'AKWA IBOM', 'Ikono', 63),
('003', 'AKWA IBOM', 'Ikot abasi', 64),
('003', 'AKWA IBOM', 'Ikot ekpene', 65),
('003', 'AKWA IBOM', 'Ini', 66),
('003', 'AKWA IBOM', 'Itu', 67),
('003', 'AKWA IBOM', 'Mbo', 68),
('003', 'AKWA IBOM', 'Mkpat enin', 69),
('003', 'AKWA IBOM', 'Nsit atai', 70),
('003', 'AKWA IBOM', 'Nsit ibom', 71),
('003', 'AKWA IBOM', 'Nsit ubium', 72),
('003', 'AKWA IBOM', 'Uruan', 73),
('003', 'AKWA IBOM', 'Urue-offong/oruko', 74),
('003', 'AKWA IBOM', 'Uyo', 75),
('004', 'ANAMBRA', 'Aguata', 76),
('004', 'ANAMBRA', 'Anambra east', 77),
('004', 'ANAMBRA', 'Anambra west', 78),
('004', 'ANAMBRA', 'Anaocha', 79),
('004', 'ANAMBRA', 'Awka north', 80),
('004', 'ANAMBRA', 'Awka south', 81),
('004', 'ANAMBRA', 'Ayamelum', 82),
('004', 'ANAMBRA', 'Dunukofia', 83),
('004', 'ANAMBRA', 'Ekwusigo', 84),
('004', 'ANAMBRA', 'Idemili north', 85),
('004', 'ANAMBRA', 'Idemili south', 86),
('004', 'ANAMBRA', 'Ihiala', 87),
('004', 'ANAMBRA', 'Njikoka', 88),
('004', 'ANAMBRA', 'Nnewi north', 89),
('009', 'CROSS RIVERS', 'Obanliku', 90),
('009', 'CROSS RIVERS', 'Obubra', 91),
('009', 'CROSS RIVERS', 'Obudu', 92),
('009', 'CROSS RIVERS', 'Odukpani', 93),
('009', 'CROSS RIVERS', 'Ogoja', 94),
('009', 'CROSS RIVERS', 'Yakurr', 95),
('009', 'CROSS RIVERS', 'Yala', 96),
('010', 'DELTA', 'Aniocha north', 97),
('010', 'DELTA', 'Aniocha south', 98),
('010', 'DELTA', 'Bomadi', 99),
('010', 'DELTA', 'Burutu', 100),
('010', 'DELTA', 'Ethiope east', 101),
('010', 'DELTA', 'Ethiope west', 102),
('010', 'DELTA', 'Ika north', 103),
('010', 'DELTA', 'Ika south', 104),
('010', 'DELTA', 'Isoko north', 105),
('010', 'DELTA', 'Isoko south', 106),
('010', 'DELTA', 'Ndokwa east', 107),
('010', 'DELTA', 'Ndokwa west', 108),
('010', 'DELTA', 'Okpe', 109),
('010', 'DELTA', 'Oshimili north', 110),
('010', 'DELTA', 'Oshimili south', 111),
('010', 'DELTA', 'Patani', 112),
('010', 'DELTA', 'Sapele', 113),
('010', 'DELTA', 'Udu', 114),
('010', 'DELTA', 'Ughelli north', 115),
('010', 'DELTA', 'Ughelli south', 116),
('010', 'DELTA', 'Ukwuani', 117),
('010', 'DELTA', 'Uvwie', 118),
('010', 'DELTA', 'Warri north', 119),
('010', 'DELTA', 'Warri south', 120),
('010', 'DELTA', 'Warri south west', 121),
('011', 'EBONYI', 'Abakaliki', 122),
('011', 'EBONYI', 'Afikpo north', 123),
('011', 'EBONYI', 'Afikpo south', 124),
('011', 'EBONYI', 'Ebonyi', 125),
('011', 'EBONYI', 'Ezza north', 126),
('011', 'EBONYI', 'Ezza south', 127),
('011', 'EBONYI', 'Ikwo', 128),
('011', 'EBONYI', 'Ishielu', 129),
('011', 'EBONYI', 'Ivo', 130),
('011', 'EBONYI', 'Izzi', 131),
('011', 'EBONYI', 'Ohaozara', 132),
('011', 'EBONYI', 'Ohaukwu', 133),
('011', 'EBONYI', 'Onicha', 134),
('012', 'EDO', 'Akoko-edo', 135),
('012', 'EDO', 'Egor', 136),
('012', 'EDO', 'Esan central', 137),
('012', 'EDO', 'Esan north east', 138),
('012', 'EDO', 'Esan south east', 139),
('012', 'EDO', 'Esan west', 140),
('012', 'EDO', 'Etsako central', 141),
('012', 'EDO', 'Etsako east', 142),
('012', 'EDO', 'Etsako west', 143),
('012', 'EDO', 'Igueben', 144),
('012', 'EDO', 'Ikpoba-okha', 145),
('012', 'EDO', 'Oredo', 146),
('012', 'EDO', 'Orhionmwon', 147),
('012', 'EDO', 'Ovia north east', 148),
('012', 'EDO', 'Ovia south west', 149),
('012', 'EDO', 'Owan east', 150),
('012', 'EDO', 'Owan west', 151),
('012', 'EDO', 'Uhunmwonde', 152),
('013', 'EKITI', 'ADK', 153),
('013', 'EKITI', 'DEA', 154),
('013', 'EKITI', 'EFY', 155),
('013', 'EKITI', 'MUE', 156),
('013', 'EKITI', 'LAW', 157),
('013', 'EKITI', 'AMK', 158),
('013', 'EKITI', 'EMR', 159),
('013', 'EKITI', 'DEK', 160),
('013', 'EKITI', 'JER', 161),
('013', 'EKITI', 'KER', 162),
('013', 'EKITI', 'KLE', 163),
('013', 'EKITI', 'YEK', 164),
('013', 'EKITI', 'GED', 165),
('013', 'EKITI', 'SSE', 166),
('013', 'EKITI', 'TUN', 167),
('013', 'EKITI', 'YEE', 168),
('014', 'ENUGU', 'Aninri', 169),
('014', 'ENUGU', 'Awgu', 170),
('014', 'ENUGU', 'Enugu east', 171),
('014', 'ENUGU', 'Enugu north', 172),
('014', 'ENUGU', 'Enugu south', 173),
('014', 'ENUGU', 'Ezeagu', 174),
('014', 'ENUGU', 'Enugu', 175),
('014', 'ENUGU', 'Igbo-etit', 176),
('014', 'ENUGU', 'Igbo-eze north', 177),
('014', 'ENUGU', 'Igho-eze south', 178),
('014', 'ENUGU', 'Isi-uzo', 179),
('014', 'ENUGU', 'Nkanu east', 180),
('014', 'ENUGU', 'Nkanu west', 181),
('004', 'ANAMBRA', 'Nnewi south', 182),
('004', 'ANAMBRA', 'Ogbaru', 183),
('004', 'ANAMBRA', 'Onitsha north', 184),
('004', 'ANAMBRA', 'Onitsha south', 185),
('004', 'ANAMBRA', 'Orumba north', 186),
('004', 'ANAMBRA', 'Orumba south', 187),
('004', 'ANAMBRA', 'Oyi', 188),
('005', 'BAUCHI', 'Alkaleri', 189),
('005', 'BAUCHI', 'Bauchi', 190),
('005', 'BAUCHI', 'Bogoro', 191),
('005', 'BAUCHI', 'Damban', 192),
('005', 'BAUCHI', 'Darazo', 193),
('005', 'BAUCHI', 'Dass', 194),
('005', 'BAUCHI', 'Gamawa', 195),
('005', 'BAUCHI', 'Ganjuwa', 196),
('005', 'BAUCHI', 'Giade', 197),
('005', 'BAUCHI', 'Itas/gadau', 198),
('005', 'BAUCHI', 'Jama\'are', 199),
('005', 'BAUCHI', 'Katagun', 200),
('037', 'ZAMFARA', 'Gusau', 201),
('005', 'BAUCHI', 'Kirfi', 202),
('005', 'BAUCHI', 'Misau', 203),
('005', 'BAUCHI', 'Ningi', 204),
('005', 'BAUCHI', 'Shira', 205),
('005', 'BAUCHI', 'Tafawa-balewa', 206),
('005', 'BAUCHI', 'Toro', 207),
('005', 'BAUCHI', 'Warji', 208),
('005', 'BAUCHI', 'Zaki', 209),
('006', 'BAYELSA', 'Brass', 210),
('006', 'BAYELSA', 'Ekeremor', 211),
('006', 'BAYELSA', 'Kolokuma/opokuma', 212),
('006', 'BAYELSA', 'Nembe', 213),
('006', 'BAYELSA', 'Ogbia', 214),
('006', 'BAYELSA', 'Sagbama', 215),
('006', 'BAYELSA', 'Southern ijaw', 216),
('006', 'BAYELSA', 'Yenegoa', 217),
('007', 'BENUE', 'Ado', 218),
('007', 'BENUE', 'Agatu', 219),
('007', 'BENUE', 'Apa', 220),
('007', 'BENUE', 'Buruku', 221),
('007', 'BENUE', 'Gboko', 222),
('007', 'BENUE', 'Guma', 223),
('007', 'BENUE', 'Gwer east', 224),
('007', 'BENUE', 'Gwer west', 225),
('007', 'BENUE', 'Katsina-ala', 226),
('007', 'BENUE', 'Konshisha', 227),
('007', 'BENUE', 'Kwande', 228),
('007', 'BENUE', 'Logo', 229),
('007', 'BENUE', 'Makurdi', 230),
('007', 'BENUE', 'Obi', 231),
('007', 'BENUE', 'Ogbadibo', 232),
('007', 'BENUE', 'Oju', 233),
('007', 'BENUE', 'Okpokwu', 234),
('007', 'BENUE', 'Ohimini', 235),
('007', 'BENUE', 'Oturkpo', 236),
('007', 'BENUE', 'Tarka', 237),
('007', 'BENUE', 'Ukum', 238),
('007', 'BENUE', 'Ushongo', 239),
('007', 'BENUE', 'Vandeikya', 240),
('008', 'BORNO', 'Abadam', 241),
('008', 'BORNO', 'Askira/uba', 242),
('008', 'BORNO', 'Bama', 243),
('008', 'BORNO', 'Bayo', 244),
('008', 'BORNO', 'Biu', 245),
('008', 'BORNO', 'Chibok', 246),
('008', 'BORNO', 'Damboa', 247),
('008', 'BORNO', 'Dikwa', 248),
('008', 'BORNO', 'Gubio', 249),
('008', 'BORNO', 'Guzamala', 250),
('008', 'BORNO', 'Gwoza', 251),
('008', 'BORNO', 'Hawul', 252),
('008', 'BORNO', 'Jere', 253),
('008', 'BORNO', 'Kaga', 254),
('008', 'BORNO', 'Kala/balge', 255),
('008', 'BORNO', 'Konduga', 256),
('008', 'BORNO', 'Kukawa', 257),
('008', 'BORNO', 'Kwaya kusar', 258),
('008', 'BORNO', 'Mafa', 259),
('008', 'BORNO', 'Magumeri', 260),
('008', 'BORNO', 'Maiduguri', 261),
('008', 'BORNO', 'Marte', 262),
('008', 'BORNO', 'Mobbar', 263),
('008', 'BORNO', 'Monguno', 264),
('008', 'BORNO', 'Ngala', 265),
('008', 'BORNO', 'Nganzai', 266),
('008', 'BORNO', 'Shani', 267),
('009', 'CROSS RIVERS', 'Abi', 268),
('009', 'CROSS RIVERS', 'Akamkpa', 269),
('009', 'CROSS RIVERS', 'Akpabuyo', 270),
('009', 'CROSS RIVERS', 'Bakassi', 271),
('009', 'CROSS RIVERS', 'Bekwara', 272),
('009', 'CROSS RIVERS', 'Biase', 273),
('009', 'CROSS RIVERS', 'Boki', 274),
('009', 'CROSS RIVERS', 'Calabar-municipal', 275),
('009', 'CROSS RIVERS', 'Calabar south', 276),
('009', 'CROSS RIVERS', 'Etung', 277),
('009', 'CROSS RIVERS', 'Ikom', 278),
('014', 'ENUGU', 'Nsukka', 279),
('014', 'ENUGU', 'Oji-river', 280),
('014', 'ENUGU', 'Udenu', 281),
('014', 'ENUGU', 'Udi', 282),
('014', 'ENUGU', 'Uzo-uwani', 283),
('016', 'GOMBE', 'Akko', 284),
('016', 'GOMBE', 'Balanga', 285),
('016', 'GOMBE', 'Billiri', 286),
('016', 'GOMBE', 'Dukku', 287),
('016', 'GOMBE', 'Funakaye', 288),
('016', 'GOMBE', 'Gombe', 289),
('016', 'GOMBE', 'Kaltungo', 290),
('016', 'GOMBE', 'Kwami', 291),
('016', 'GOMBE', 'Nafada', 292),
('016', 'GOMBE', 'Shomgom', 293),
('016', 'GOMBE', 'Yamaltu/deba', 294),
('017', 'IMO', 'Ahiazu-mbaise', 295),
('017', 'IMO', 'Ehime-mbano', 296),
('017', 'IMO', 'Ezinihitte', 297),
('017', 'IMO', 'Ideato north', 298),
('017', 'IMO', 'Ideato south', 299),
('017', 'IMO', 'Ihitte-uboma', 300),
('017', 'IMO', 'Ikeduru', 301),
('017', 'IMO', 'Isiala mbano', 302),
('017', 'IMO', 'Isu', 303),
('017', 'IMO', 'Mbaitoli', 304),
('017', 'IMO', 'Ngor-okpala', 305),
('017', 'IMO', 'Njaba', 306),
('017', 'IMO', 'Nwangele', 307),
('017', 'IMO', 'Nkwerre', 308),
('017', 'IMO', 'Obowo', 309),
('017', 'IMO', 'Oguta', 310),
('017', 'IMO', 'Ohaji/egbema', 311),
('017', 'IMO', 'Okigwe', 312),
('017', 'IMO', 'Orlu', 313),
('017', 'IMO', 'Orsu', 314),
('017', 'IMO', 'Oru east', 315),
('017', 'IMO', 'Oru west', 316),
('017', 'IMO', 'Owerri muni.', 317),
('017', 'IMO', 'Owerri north', 318),
('017', 'IMO', 'Owerri west', 319),
('017', 'IMO', 'Onuimo', 320),
('018', 'JIGAWA', 'Auyo', 321),
('018', 'JIGAWA', 'Babura', 322),
('018', 'JIGAWA', 'Birnin kudu', 323),
('018', 'JIGAWA', 'Biriniwa', 324),
('018', 'JIGAWA', 'Buji', 325),
('018', 'JIGAWA', 'Dutse', 326),
('018', 'JIGAWA', 'Gagarawa', 327),
('018', 'JIGAWA', 'Garki', 328),
('018', 'JIGAWA', 'Gumel', 329),
('018', 'JIGAWA', 'Guri', 330),
('018', 'JIGAWA', 'Gwaram', 331),
('018', 'JIGAWA', 'Gwiwa', 332),
('018', 'JIGAWA', 'Hadejia', 333),
('018', 'JIGAWA', 'Jahun', 334),
('018', 'JIGAWA', 'Kafin', 335),
('018', 'JIGAWA', 'Hausa', 336),
('018', 'JIGAWA', 'Kaugama', 337),
('018', 'JIGAWA', 'Kazaure', 338),
('018', 'JIGAWA', 'Kiri kasamma', 339),
('018', 'JIGAWA', 'Kiyawa', 340),
('018', 'JIGAWA', 'Maigatari', 341),
('018', 'JIGAWA', 'Malam madori', 342),
('018', 'JIGAWA', 'Miga', 343),
('018', 'JIGAWA', 'Ringim', 344),
('018', 'JIGAWA', 'Roni', 345),
('018', 'JIGAWA', 'Sule-tankarkar', 346),
('018', 'JIGAWA', 'Taura', 347),
('018', 'JIGAWA', 'Yankwashi', 348),
('019', 'KADUNA', 'Birnin-gwari', 349),
('019', 'KADUNA', 'Chikun', 350),
('019', 'KADUNA', 'Giwa', 351),
('019', 'KADUNA', 'Igabi', 352),
('019', 'KADUNA', 'Ikara', 353),
('019', 'KADUNA', 'Jaba', 354),
('019', 'KADUNA', 'Jema\'a', 355),
('019', 'KADUNA', 'Kachia', 356),
('019', 'KADUNA', 'Kaduna north', 357),
('019', 'KADUNA', 'Kaduna south', 358),
('019', 'KADUNA', 'Kagarko', 359),
('019', 'KADUNA', 'Kajuru', 360),
('019', 'KADUNA', 'Kaura', 361),
('019', 'KADUNA', 'Kubau', 362),
('019', 'KADUNA', 'Kudan', 363),
('019', 'KADUNA', 'Lere', 364),
('019', 'KADUNA', 'Makarfi', 365),
('019', 'KADUNA', 'Sabon-gari', 366),
('019', 'KADUNA', 'Sanga', 367),
('019', 'KADUNA', 'Soba', 368),
('019', 'KADUNA', 'Zangon-kataf', 369),
('019', 'KADUNA', 'Zaria', 370),
('020', 'KANO', 'Ajingi', 371),
('020', 'KANO', 'Albasu', 372),
('020', 'KANO', 'Bagwai', 373),
('020', 'KANO', 'Bebeji', 374),
('020', 'KANO', 'Bichi', 375),
('020', 'KANO', 'Bunkure', 376),
('020', 'KANO', 'Dala', 377),
('020', 'KANO', 'Dambatta', 378),
('020', 'KANO', 'Dawakin kudu', 379),
('020', 'KANO', 'Dawakin tofa', 380),
('020', 'KANO', 'Doguwa', 381),
('020', 'KANO', 'Fagge', 382),
('020', 'KANO', 'Gabasawa', 383),
('020', 'KANO', 'Garko', 384),
('020', 'KANO', 'Garum mallarn', 385),
('020', 'KANO', 'Gaya', 386),
('020', 'KANO', 'Gezawa', 387),
('020', 'KANO', 'Gwale', 388),
('020', 'KANO', 'Gwarzo', 389),
('020', 'KANO', 'Kabo', 390),
('020', 'KANO', 'Kano municipal', 391),
('020', 'KANO', 'Karaye', 392),
('020', 'KANO', 'Kibiya', 393),
('020', 'KANO', 'Kiru', 394),
('020', 'KANO', 'Kumbotso', 395),
('020', 'KANO', 'Kunchi', 396),
('020', 'KANO', 'Kura', 397),
('020', 'KANO', 'Madobi', 398),
('020', 'KANO', 'Makoda', 399),
('020', 'KANO', 'Minjibir', 400),
('020', 'KANO', 'Nasarawa', 401),
('020', 'KANO', 'Rano', 402),
('020', 'KANO', 'Rimin gado', 403),
('020', 'KANO', 'Rogo', 404),
('020', 'KANO', 'Shanono', 405),
('020', 'KANO', 'Sumaila', 406),
('020', 'KANO', 'Takai', 407),
('020', 'KANO', 'Tarauni', 408),
('020', 'KANO', 'Tofa', 409),
('020', 'KANO', 'Tsanyawa', 410),
('020', 'KANO', 'Tudun wada', 411),
('020', 'KANO', 'Ungogo', 412),
('020', 'KANO', 'Warawa', 413),
('020', 'KANO', 'Wudil', 414),
('021', 'KATSINA', 'Bakori', 415),
('021', 'KATSINA', 'Batagarawa', 416),
('021', 'KATSINA', 'Batsari', 417),
('021', 'KATSINA', 'Baure', 418),
('021', 'KATSINA', 'Bindawa', 419),
('021', 'KATSINA', 'Charanchi', 420),
('021', 'KATSINA', 'Dandume', 421),
('021', 'KATSINA', 'Danja', 422),
('021', 'KATSINA', 'Dan musa', 423),
('021', 'KATSINA', 'Daura', 424),
('021', 'KATSINA', 'Dutsi', 425),
('021', 'KATSINA', 'Dutsin-ma', 426),
('021', 'KATSINA', 'Faskari', 427),
('021', 'KATSINA', 'Funtua', 428),
('021', 'KATSINA', 'Ingawa', 429),
('021', 'KATSINA', 'Jibia', 430),
('021', 'KATSINA', 'Kafur', 431),
('021', 'KATSINA', 'Kaita', 432),
('021', 'KATSINA', 'Kankara', 433),
('021', 'KATSINA', 'Kankia', 434),
('021', 'KATSINA', 'Katsina', 435),
('021', 'KATSINA', 'Kurfi', 436),
('021', 'KATSINA', 'Kusada', 437),
('021', 'KATSINA', 'Mai\'adua', 438),
('021', 'KATSINA', 'Malumfashi', 439),
('021', 'KATSINA', 'Mani', 440),
('021', 'KATSINA', 'Mashi', 441),
('021', 'KATSINA', 'Matazu', 442),
('021', 'KATSINA', 'Musawa', 443),
('021', 'KATSINA', 'Rimi', 444),
('021', 'KATSINA', 'Sabuwa', 445),
('021', 'KATSINA', 'Safana', 446),
('021', 'KATSINA', 'Sandamu', 447),
('021', 'KATSINA', 'Zongo', 448),
('022', 'KEBBI', 'Aleiro', 449),
('022', 'KEBBI', 'Arewa-dandi', 450),
('022', 'KEBBI', 'Argungu', 451),
('022', 'KEBBI', 'Augie', 452),
('022', 'KEBBI', 'Bagudo', 453),
('022', 'KEBBI', 'Birnin kebbi', 454),
('022', 'KEBBI', 'Bunza', 455),
('022', 'KEBBI', 'Dandi', 456),
('022', 'KEBBI', 'Fakai', 457),
('022', 'KEBBI', 'Gwandu', 458),
('022', 'KEBBI', 'Jega', 459),
('022', 'KEBBI', 'Kalgo', 460),
('022', 'KEBBI', 'Koko/besse', 461),
('022', 'KEBBI', 'Maiyama', 462),
('022', 'KEBBI', 'Ngaski', 463),
('022', 'KEBBI', 'Sakaba', 464),
('022', 'KEBBI', 'Shanga', 465),
('022', 'KEBBI', 'Suru', 466),
('022', 'KEBBI', 'Wasagu/danko', 467),
('022', 'KEBBI', 'Yauri', 468),
('022', 'KEBBI', 'Zuru', 469),
('023', 'KOGI', 'Adavi', 470),
('023', 'KOGI', 'Ajaojuta', 471),
('023', 'KOGI', 'Ankpa', 472),
('023', 'KOGI', 'Bassa', 473),
('023', 'KOGI', 'Dekina', 474),
('023', 'KOGI', 'Ibaji', 475),
('023', 'KOGI', 'Igalamela-odolu', 476),
('023', 'KOGI', 'Ijumu', 477),
('023', 'KOGI', 'Ijumu', 478),
('023', 'KOGI', 'Kabba/bunu', 479),
('023', 'KOGI', 'Kogi', 480),
('023', 'KOGI', 'Lokoja', 481),
('023', 'KOGI', 'Mopa-muro', 482),
('023', 'KOGI', 'Ofu', 483),
('023', 'KOGI', 'Ogori/megongo', 484),
('023', 'KOGI', 'Okehi', 485),
('023', 'KOGI', 'Olamabolo', 486),
('023', 'KOGI', 'Omala', 487),
('023', 'KOGI', 'Yagba east', 488),
('023', 'KOGI', 'Yagba west', 489),
('024', 'KWARA', 'Asa', 490),
('024', 'KWARA', 'Baruten', 491),
('024', 'KWARA', 'Edu', 492),
('024', 'KWARA', 'Ekiti', 493),
('024', 'KWARA', 'Ifelodun', 494),
('024', 'KWARA', 'Ilorin south', 495),
('024', 'KWARA', 'Ilorin west', 496),
('024', 'KWARA', 'Irepodun', 497),
('024', 'KWARA', 'Isin', 498),
('024', 'KWARA', 'Kaiama', 499),
('024', 'KWARA', 'Moro', 500),
('024', 'KWARA', 'Offa', 501),
('024', 'KWARA', 'Oke-ero', 502),
('024', 'KWARA', 'Oyun', 503),
('024', 'KWARA', 'Pategi', 504),
('025', 'LAGOS', 'Agege', 505),
('025', 'LAGOS', 'Ajeromi-ifelodun', 506),
('025', 'LAGOS', 'Alimosho', 507),
('025', 'LAGOS', 'Amuwo-odofin', 508),
('025', 'LAGOS', 'Apapa', 509),
('025', 'LAGOS', 'Badagry', 510),
('025', 'LAGOS', 'Epe', 511),
('025', 'LAGOS', 'Eti-osa', 512),
('025', 'LAGOS', 'Ibeju/lekki', 513),
('025', 'LAGOS', 'Ifako-ijaye', 514),
('025', 'LAGOS', 'Ikeja', 515),
('025', 'LAGOS', 'Ikorodu', 516),
('025', 'LAGOS', 'Kosofe', 517),
('025', 'LAGOS', 'Lagos island', 518),
('025', 'LAGOS', 'Lagos mainland', 519),
('025', 'LAGOS', 'Mushin', 520),
('025', 'LAGOS', 'Ojo', 521),
('025', 'LAGOS', 'Oshodi-isolo', 522),
('025', 'LAGOS', 'Shomolu', 523),
('025', 'LAGOS', 'Surulere', 524),
('026', 'NASARAWA', 'Akwanga', 525),
('026', 'NASARAWA', 'Awe', 526),
('026', 'NASARAWA', 'Doma', 527),
('026', 'NASARAWA', 'Karu', 528),
('026', 'NASARAWA', 'Keana', 529),
('026', 'NASARAWA', 'Keffi', 530),
('026', 'NASARAWA', 'Kokona', 531),
('026', 'NASARAWA', 'Lafia', 532),
('026', 'NASARAWA', 'Nasarawa', 533),
('026', 'NASARAWA', 'Nasarawa-eggon', 534),
('026', 'NASARAWA', 'Obi', 535),
('026', 'NASARAWA', 'Toto', 536),
('026', 'NASARAWA', 'Wamba', 537),
('027', 'NIGER', 'Agaie', 538),
('027', 'NIGER', 'Agwara', 539),
('027', 'NIGER', 'Bida', 540),
('027', 'NIGER', 'Borgu', 541),
('027', 'NIGER', 'Bosso', 542),
('027', 'NIGER', 'Chanchaga', 543),
('027', 'NIGER', 'Edati', 544),
('027', 'NIGER', 'Gbako', 545),
('027', 'NIGER', 'Gurara', 546),
('027', 'NIGER', 'Katcha', 547),
('027', 'NIGER', 'Kontagora', 548),
('027', 'NIGER', 'Lapai', 549),
('027', 'NIGER', 'Lavun', 550),
('027', 'NIGER', 'Magama', 551),
('027', 'NIGER', 'Mariga', 552),
('027', 'NIGER', 'Mashegu', 553),
('027', 'NIGER', 'Mokwa', 554),
('027', 'NIGER', 'Muya', 555),
('027', 'NIGER', 'Paikoro', 556),
('027', 'NIGER', 'Rafi', 557),
('027', 'NIGER', 'Rajau', 558),
('027', 'NIGER', 'Shiroro', 559),
('027', 'NIGER', 'Suleja', 560),
('027', 'NIGER', 'Tafa', 561),
('027', 'NIGER', 'Wushishi', 562),
('028', 'OGUN', 'Abeokuta north', 563),
('028', 'OGUN', 'Abeokuta south', 564),
('028', 'OGUN', 'Ado-odo/ota', 565),
('028', 'OGUN', 'Egbado north', 566),
('028', 'OGUN', 'Egbado south', 567),
('028', 'OGUN', 'Ekwekoro', 568),
('028', 'OGUN', 'Ifo', 569),
('028', 'OGUN', 'Ijebu east', 570),
('028', 'OGUN', 'Ijebu north', 571),
('028', 'OGUN', 'Ijebu north east', 572),
('028', 'OGUN', 'Ijebu-ode', 573),
('028', 'OGUN', 'Ikenne', 574),
('028', 'OGUN', 'Imeko-afon', 575),
('028', 'OGUN', 'Ipokia', 576),
('028', 'OGUN', 'Obafemi-owode', 577),
('028', 'OGUN', 'Ogun waterside', 578),
('028', 'OGUN', 'Odeda', 579),
('028', 'OGUN', 'Odogbolu', 580),
('028', 'OGUN', 'Remo north', 581),
('028', 'OGUN', 'Shagamu', 582),
('029', 'ONDO', 'Akoko north east', 583),
('029', 'ONDO', 'Akoko north west', 584),
('029', 'ONDO', 'Akoko south east', 585),
('029', 'ONDO', 'Akoko south west', 586),
('029', 'ONDO', 'Akure north', 587),
('029', 'ONDO', 'Akuresouth', 588),
('029', 'ONDO', 'Ese-odo', 589),
('029', 'ONDO', 'Idanre', 590),
('029', 'ONDO', 'Ifedore', 591),
('029', 'ONDO', 'Ilaje', 592),
('029', 'ONDO', 'Ile-oluji-okeigbo', 593),
('029', 'ONDO', 'Irele', 594),
('029', 'ONDO', 'Odigbo', 595),
('029', 'ONDO', 'Okitipupa', 596),
('029', 'ONDO', 'Ondo east', 597),
('029', 'ONDO', 'Ondo west', 598),
('029', 'ONDO', 'Ose-owo', 599),
('030', 'OSUN', 'Aiyedade', 600),
('030', 'OSUN', 'Aiyedire', 601),
('030', 'OSUN', 'Atakumosa east', 602),
('030', 'OSUN', 'Atakumose-west', 603),
('030', 'OSUN', 'Boluwaduro', 604),
('030', 'OSUN', 'Boripe', 605),
('030', 'OSUN', 'Ede north', 606),
('030', 'OSUN', 'Ede south', 607),
('030', 'OSUN', 'Egbedore', 608),
('030', 'OSUN', 'Ejigbo', 609),
('030', 'OSUN', 'Ife central', 610),
('030', 'OSUN', 'Ife east', 611),
('030', 'OSUN', 'Ife north', 612),
('030', 'OSUN', 'Ife south', 613),
('030', 'OSUN', 'Ifedayo', 614),
('030', 'OSUN', 'Ifelodun', 615),
('030', 'OSUN', 'Ila', 616),
('030', 'OSUN', 'Ilasha east', 617),
('030', 'OSUN', 'Ilesha west', 618),
('030', 'OSUN', 'Irepodun', 619),
('030', 'OSUN', 'Irewole', 620),
('030', 'OSUN', 'Isokan', 621),
('030', 'OSUN', 'Iwo', 622),
('030', 'OSUN', 'Obokun', 623),
('030', 'OSUN', 'Odo-otin', 624),
('030', 'OSUN', 'Ola-oluwa', 625),
('030', 'OSUN', 'Olorunda', 626),
('030', 'OSUN', 'Oriade', 627),
('030', 'OSUN', 'Orolu', 628),
('030', 'OSUN', 'Osogbo', 629),
('031', 'OYO', 'Afijio', 630),
('031', 'OYO', 'Akinyele', 631),
('031', 'OYO', 'Atiba', 632),
('031', 'OYO', 'Atigbo', 633),
('031', 'OYO', 'Egbeda', 634),
('031', 'OYO', 'Ibadan central', 635),
('031', 'OYO', 'Ibadan north', 636),
('031', 'OYO', 'Ibadan north west', 637),
('031', 'OYO', 'Ibadan south west', 638),
('031', 'OYO', 'Ibadan south east', 639),
('031', 'OYO', 'Ibarapa central', 640),
('031', 'OYO', 'Ibarapa east', 641),
('031', 'OYO', 'Ibarapa north', 642),
('031', 'OYO', 'Ido', 643),
('031', 'OYO', 'Irepo', 644),
('031', 'OYO', 'Iseyin', 645),
('031', 'OYO', 'Itesiwaju', 646),
('031', 'OYO', 'Iwajowa', 647),
('031', 'OYO', 'Kajola', 648),
('031', 'OYO', 'Lagelu', 649),
('031', 'OYO', 'Ogbomoso north', 650),
('031', 'OYO', 'Ogbomoso south', 651),
('031', 'OYO', 'Ogo oluwa', 652),
('031', 'OYO', 'Olorunsogo', 653),
('031', 'OYO', 'Oluyole', 654),
('031', 'OYO', 'Ona-ara', 655),
('031', 'OYO', 'Orelope', 656),
('031', 'OYO', 'Ori ire', 657),
('031', 'OYO', 'Oyo east', 658),
('031', 'OYO', 'Oyo west', 659),
('031', 'OYO', 'Saki east', 660),
('031', 'OYO', 'Saki west', 661),
('031', 'OYO', 'Surelere', 662),
('032', 'PLATEAU', 'Barikin ladi', 663),
('032', 'PLATEAU', 'Bassa', 664),
('032', 'PLATEAU', 'Bokkos', 665),
('032', 'PLATEAU', 'Jos east', 666),
('032', 'PLATEAU', 'Jos north', 667),
('032', 'PLATEAU', 'Jos south', 668),
('032', 'PLATEAU', 'Kanam', 669),
('032', 'PLATEAU', 'Kanke', 670),
('032', 'PLATEAU', 'Langtang north', 671),
('032', 'PLATEAU', 'Langtang south', 672),
('032', 'PLATEAU', 'Mangu', 673),
('032', 'PLATEAU', 'Mikang', 674),
('032', 'PLATEAU', 'Pankshin', 675),
('032', 'PLATEAU', 'Qua\'an pan', 676),
('032', 'PLATEAU', 'Riyom', 677),
('032', 'PLATEAU', 'Shendam', 678),
('032', 'PLATEAU', 'Wase', 679),
('033', 'RIVERS', 'Abua/odual', 680),
('033', 'RIVERS', 'Ahoada east', 681),
('033', 'RIVERS', 'Ahoada west', 682),
('033', 'RIVERS', 'Akuku toru', 683),
('033', 'RIVERS', 'Andoni', 684),
('033', 'RIVERS', 'Asari-toru', 685),
('033', 'RIVERS', 'Bonny', 686),
('033', 'RIVERS', 'Degema', 687),
('033', 'RIVERS', 'Emohua', 688),
('033', 'RIVERS', 'Eleme', 689),
('033', 'RIVERS', 'Etche', 690),
('033', 'RIVERS', 'Gokana', 691),
('033', 'RIVERS', 'Ikwerre', 692),
('033', 'RIVERS', 'Khana', 693),
('033', 'RIVERS', 'Obia/akpor', 694),
('033', 'RIVERS', 'Ogba/egbema/ndoni', 695),
('033', 'RIVERS', 'Ogu/bolo', 696),
('033', 'RIVERS', 'Okrika', 697),
('033', 'RIVERS', 'Omumma', 698),
('033', 'RIVERS', 'Opobo/nkoro', 699),
('033', 'RIVERS', 'Oyigbo', 700),
('033', 'RIVERS', 'Port harcourt', 701),
('033', 'RIVERS', 'Tai', 702),
('034', 'SOKOTO', 'Binji', 703),
('034', 'SOKOTO', 'Bodinga', 704),
('034', 'SOKOTO', 'Dange-shuni', 705),
('034', 'SOKOTO', 'Gada', 706),
('034', 'SOKOTO', 'Goronyo', 707),
('034', 'SOKOTO', 'Gudu', 708),
('034', 'SOKOTO', 'Gwadabawa', 709),
('034', 'SOKOTO', 'Illela', 710),
('034', 'SOKOTO', 'Isa', 711),
('034', 'SOKOTO', 'Kware', 712),
('034', 'SOKOTO', 'Kebbe', 713),
('034', 'SOKOTO', 'Rabah', 714),
('034', 'SOKOTO', 'Sabon birni', 715),
('034', 'SOKOTO', 'Shagari', 716),
('034', 'SOKOTO', 'Silame', 717),
('034', 'SOKOTO', 'Sokoto north', 718),
('034', 'SOKOTO', 'Sokoto south', 719),
('034', 'SOKOTO', 'Tambuwal', 720),
('034', 'SOKOTO', 'Tangaza', 721),
('034', 'SOKOTO', 'Tureta', 722),
('034', 'SOKOTO', 'Wamakko', 723),
('034', 'SOKOTO', 'Wurno', 724),
('034', 'SOKOTO', 'Yabo', 725),
('035', 'TARABA', 'Ardo-kola', 726),
('035', 'TARABA', 'Bali', 727),
('035', 'TARABA', 'Donga', 728),
('035', 'TARABA', 'Gashaka', 729),
('035', 'TARABA', 'Gassol', 730),
('035', 'TARABA', 'Ibi', 731),
('035', 'TARABA', 'Jalingo', 732),
('035', 'TARABA', 'Karim-lamido', 733),
('035', 'TARABA', 'Kurmi', 734),
('035', 'TARABA', 'Lau', 735),
('035', 'TARABA', 'Sarduana', 736),
('035', 'TARABA', 'Takum', 737),
('035', 'TARABA', 'Ussa', 738),
('035', 'TARABA', 'Wukari', 739),
('035', 'TARABA', 'Yorro', 740),
('035', 'TARABA', 'Zing', 741),
('036', 'YOBE', 'Bade', 742),
('036', 'YOBE', 'Bursari', 743),
('036', 'YOBE', 'Damaturu', 744),
('036', 'YOBE', 'Fika', 745),
('036', 'YOBE', 'Fune', 746),
('036', 'YOBE', 'Geidam', 747),
('036', 'YOBE', 'Gujba', 748),
('036', 'YOBE', 'Gulani', 749),
('036', 'YOBE', 'Jakusko', 750),
('036', 'YOBE', 'Karasuwa', 751),
('036', 'YOBE', 'Machina', 752),
('036', 'YOBE', 'Nangere', 753),
('036', 'YOBE', 'Nguru', 754),
('036', 'YOBE', 'Potiskum', 755),
('036', 'YOBE', 'Tarmua', 756),
('036', 'YOBE', 'Yunusari', 757),
('036', 'YOBE', 'Yusufari', 758),
('037', 'ZAMFARA', 'Anka', 759),
('037', 'ZAMFARA', 'Bakurna', 760),
('037', 'ZAMFARA', 'Birnin magaji', 761),
('037', 'ZAMFARA', 'Bukkuyum', 762),
('037', 'ZAMFARA', 'Bungudu', 763),
('037', 'ZAMFARA', 'Gummi', 764),
('037', 'ZAMFARA', 'Kaura namoda', 765),
('037', 'ZAMFARA', 'Maradun', 766),
('037', 'ZAMFARA', 'Maru', 767),
('037', 'ZAMFARA', 'Shinkafi', 768),
('037', 'ZAMFARA', 'Talata', 769),
('037', 'ZAMFARA', 'Mafara', 770),
('037', 'ZAMFARA', 'Tsafe', 771),
('037', 'ZAMFARA', 'Zumi', 772),
('026', 'NASARAWA', 'Eggon', 773),
('029', 'ONDO', 'Ile oluji', 774),
('028', 'OGUN', 'Sagamu', 775),
('028', 'OGUN', 'Opeji', 776),
('028', 'OGUN', 'Ijebu ode', 777),
('012', 'EDO', 'Ishan', 778),
('029', 'ONDO', 'Ondo central', 779),
('007', 'BENUE', 'Otukpo', 780),
('015', 'FCT', 'Abaji', 781),
('015', 'FCT', 'Abuja Municipal', 782),
('015', 'FCT', 'Bwari', 783),
('015', 'FCT', 'Gwagwalada', 784),
('015', 'FCT', 'Kuje', 785),
('015', 'FCT', 'Kwali', 786),
('017', 'IMO', 'Ehime mbano', 787),
('014', 'ENUGU', 'Oji river', 788),
('031', 'OYO', 'Ogbomosho', 789),
('029', 'ONDO', 'Akure south', 790),
('009', 'CROSS RIVERS', 'Odupani', 791),
('017', 'IMO', 'Ngor okpala', 792),
('007', 'BENUE', 'Ador', 793),
('003', 'AKWA IBOM', 'Okobo', 794),
('023', 'KOGI', 'Idah', 795),
('001', 'ABIA', 'Ugwunagbor', 796),
('033', 'RIVERS', 'Ogba/Egbem/Noom', 797),
('023', 'KOGI', 'Okene', 798),
('029', 'ONDO', 'Akoko', 799),
('029', 'ONDO', 'Owo', 800),
('022', 'KEBBI', 'Kamba', 801),
('028', 'OGUN', 'Water side', 802),
('028', 'OGUN', 'Egado South', 803),
('028', 'OGUN', 'Imeko Afon', 804),
('032', 'PLATEAU', 'Panilshin', 805),
('029', 'ONDO', 'Ikalo', 806),
('025', 'LAGOS', 'Eredo', 807),
('021', 'KATSINA', 'Manufanoti', 808),
('034', 'SOKOTO', 'Kofa atiku', 809),
('003', 'AKWA IBOM', 'Onna', 811),
('003', 'AKWA IBOM', 'Udium', 812),
('028', 'OGUN', 'Ake', 813),
('012', 'EDO', 'Uromi', 814),
('003', 'AKWA IBOM', 'Oron', 815),
('003', 'AKWA IBOM', 'Oruk', 816),
('010', 'DELTA', 'Aniocha', 817),
('029', 'ONDO', 'Ose', 818),
('024', 'KWARA', 'Oro', 819),
('028', 'OGUN', 'Yewa', 820),
('028', 'OGUN', 'Yewa South', 821),
('028', 'OGUN', 'Yewa North', 822),
('033', 'RIVERS', 'Opobo/Nkoro', 823),
('033', 'RIVERS', 'Onelga', 824),
('008', 'BORNO', 'Maiduguri .M.C', 826);

-- --------------------------------------------------------

--
-- Table structure for table `menu`
--

CREATE TABLE `menu` (
  `menu_id` varchar(5) NOT NULL,
  `menu_name` varchar(50) NOT NULL,
  `menu_url` varchar(60) DEFAULT '',
  `parent_id` varchar(5) DEFAULT '#',
  `parent_id2` varchar(5) NOT NULL DEFAULT ' ',
  `menu_level` char(1) DEFAULT '0',
  `created` datetime NOT NULL,
  `menu_order` int(3) NOT NULL DEFAULT 0,
  `status` int(1) DEFAULT 0,
  `icon` varchar(20) DEFAULT NULL
) ENGINE=InnoDB DEFAULT CHARSET=utf8;

--
-- Dumping data for table `menu`
--

INSERT INTO `menu` (`menu_id`, `menu_name`, `menu_url`, `parent_id`, `parent_id2`, `menu_level`, `created`, `menu_order`, `status`, `icon`) VALUES
('004', 'Adminstrative Tool', '#', '#', ' ', '0', '0000-00-00 00:00:00', 0, 0, ''),
('006', 'Role', 'role_list.php', '004', ' ', '1', '2018-02-15 14:55:23', 0, 0, NULL),
('007', 'Menu', 'menu_list.php', '004', ' ', '1', '2018-02-22 14:56:12', 0, 0, NULL),
('008', 'Setups', '#', '#', ' ', '0', '2018-01-27 15:31:54', 1, 1, 'fa fa-cogs'),
('009', 'Menu Grouping', 'setup/menu_group.php', '004', ' ', '1', '2018-02-22 14:57:19', 0, 0, ''),
('017', 'Change Password', 'change_password.php', '008', ' ', '1', '2018-04-10 14:34:40', 0, 0, NULL),
('028', 'Users', 'user_list.php', '004', ' ', '1', '2018-10-21 23:44:22', 0, 0, NULL),
('147', 'Side-Number List', 'sidenumber_list.php', '160', '', '', '2022-06-20 10:04:55', 0, 0, ''),
('148', 'Vehicle Type', 'vehicle_type.php', '008', '', '1', '2022-06-28 09:55:26', 0, 0, ''),
('151', 'Offence', '#', '#', '', '0', '2022-07-05 11:59:34', 0, 0, ''),
('160', 'Side Number', '#', '#', '', '0', '2022-07-05 14:09:09', 0, 0, ''),
('162', 'Driving School', 'driving_school_list.php', '165', '', '1', '2022-07-13 11:43:51', 0, 0, 'fa fa-car'),
('165', 'Special Trade', '#', '#', '', '0', '2022-10-25 09:03:20', 0, 0, 'fa fa-address-book'),
('166', 'Mechanic Garrage', 'mech_list.php', '165', '', '1', '2022-10-25 09:12:14', 0, 0, 'fa fa-road'),
('167', 'Spare Parts Dealers', 'spare_list.php', '165', '', '1', '2022-10-25 09:15:25', 0, 0, 'fa fa-plug'),
('169', 'Transport Companies', 'tcp_list.php', '165', '', '1', '2022-10-25 09:16:53', 0, 0, 'fa fa-car'),
('170', 'Transport Union', 'trans_union_list.php', '165', '', '1', '2022-10-25 09:18:12', 0, 0, 'fa fa-cab'),
('171', 'Offence Report', 'offences_list.php', '151', '', '1', '2022-10-28 10:01:25', 0, 0, ''),
('172', 'Report', '#', '#', '', '0', '2022-11-30 07:50:17', 0, 0, 'fa fa-500px'),
('173', 'Side-Number Report', 'sidenumber_report.php', '172', '', '1', '2022-11-30 07:51:00', 0, 0, 'fa fa-500px'),
('174', 'Financial Report', 'financial_report.php', '172', '', '1', '2022-11-30 08:18:11', 0, 0, 'fa fa-500px'),
('175', 'Operations Report', 'operations_report.php', '172', '', '1', '2022-11-30 08:28:54', 0, 0, '');

-- --------------------------------------------------------

--
-- Table structure for table `menugroup`
--

CREATE TABLE `menugroup` (
  `role_id` varchar(5) NOT NULL,
  `menu_id` varchar(5) NOT NULL
) ENGINE=InnoDB DEFAULT CHARSET=utf8 COMMENT='InnoDB free: 6144 kB; InnoDB free: 6144 kB; InnoDB free: 614';

--
-- Dumping data for table `menugroup`
--

INSERT INTO `menugroup` (`role_id`, `menu_id`) VALUES
('001', '004'),
('001', '006'),
('001', '007'),
('001', '008'),
('001', '009'),
('001', '017'),
('001', '028'),
('001', '147'),
('001', '148'),
('001', '151'),
('001', '160'),
('001', '162'),
('001', '165'),
('001', '166'),
('001', '167'),
('001', '169'),
('001', '171'),
('001', '172'),
('001', '173'),
('001', '174'),
('001', '175'),
('002', '004'),
('002', '007'),
('002', '008'),
('002', '009'),
('002', '017'),
('002', '147'),
('002', '151'),
('002', '160'),
('002', '162'),
('002', '165'),
('002', '166'),
('002', '167'),
('002', '169'),
('002', '171'),
('002', '172'),
('002', '173'),
('002', '174'),
('002', '175'),
('003', '004'),
('003', '008'),
('003', '017'),
('003', '147'),
('003', '151'),
('003', '154'),
('007', '004'),
('007', '008'),
('007', '017'),
('007', '147');

-- --------------------------------------------------------

--
-- Table structure for table `parameter`
--

CREATE TABLE `parameter` (
  `parameter_name` varchar(50) DEFAULT NULL,
  `parameter_value` text DEFAULT NULL,
  `privilege_flag` char(1) DEFAULT NULL,
  `parameter_description` varchar(150) DEFAULT NULL,
  `created` datetime DEFAULT NULL
) ENGINE=InnoDB DEFAULT CHARSET=utf8;

--
-- Dumping data for table `parameter`
--

INSERT INTO `parameter` (`parameter_name`, `parameter_value`, `privilege_flag`, `parameter_description`, `created`) VALUES
('working_hours', '00:00-23:59', '0', 'Allotted working hours of the day', '2009-10-31 00:00:00'),
('no_of_pin_misses', '5', '1', 'Available number of pin misses allowed', '2009-11-16 12:44:27'),
('password_expiry_days', '360', '1', 'Number of days for password expiry', '2009-12-04 13:05:30'),
('Convient Fee Setup', '500', '0', 'Convient Fee Setup', '2016-10-26 18:38:44'),
('ticket_reservation_holding_max_time', '5', '1', 'Minutes the a Ticket is to be left reserved for payment to be done otherwise opened for purchase', '2018-07-23 12:04:24'),
('teasypay_api_buygoods_soapaction', 'http://41.220.65.180:8080/axis2/services/HRestAPITSHA/buyGoods', '1', 'Teasy Pay Api URL', '2018-07-30 16:35:52'),
('teasypay_api_apipass', 'qQgGbv6Hj684p0', '1', 'Hash Key', '2018-07-30 18:15:41'),
('teasypay_api_apiuser', 'gWtIgw29tks1kz', '1', 'Api User', '2018-07-30 18:46:52'),
('teasypay_api_soapurl', 'http://41.220.65.180:8080/axis2/services/HRestAPITSHA?wsdl', NULL, NULL, NULL),
('teasypay_api_balance_soapaction', 'http://41.220.65.180:8080/axis2/services/HRestAPITSHA/queryBalanceCustomer', NULL, NULL, NULL),
('boarding_time_before_departure_time', '2000', NULL, 'Minutes to Allow For Booking before a schedule departure time', '2018-08-04 16:49:30'),
('login_keep_alive', '300', '1', 'Expiration time for a keep alive of user session', '2018-08-06 18:17:28'),
('softcom_api_push_ticket', 'https://abuja-metro.appspot.com/api/v1/tickets/new', NULL, 'Send New Tickets to the Validation System', '2018-08-14 16:56:35'),
('ticket_batch_price', '4000', NULL, 'Price for sale of a bulk of ticket ', NULL),
('tickets_per_batch', '100', NULL, 'Number of tickets in a batch', NULL),
('ticket_price', '150', NULL, 'price to charge for the resale of tickets', NULL);

-- --------------------------------------------------------

--
-- Table structure for table `payment_category`
--

CREATE TABLE `payment_category` (
  `id` varchar(500) NOT NULL,
  `item` varchar(500) NOT NULL,
  `code` varchar(500) NOT NULL,
  `amount` varchar(500) NOT NULL
) ENGINE=InnoDB DEFAULT CHARSET=utf8mb4;

--
-- Dumping data for table `payment_category`
--

INSERT INTO `payment_category` (`id`, `item`, `code`, `amount`) VALUES
('4287', 'Transport Companies ', 'TCP', '150000'),
('4288', 'Category A  Ultramodern Mechanical Workshop', 'MCG', '150000'),
('4289', 'Category B  Heavy Duty Vehicle/ Plants', 'MCG', '50000'),
('4290', 'Category C Light Duty Vehicles/Service Centers', 'MCG', '20000'),
('4291', 'Category D Smaller Vehicles/Plants Workshops', 'MCG', '10000'),
('4292', 'Category A - Heavy duty machineries spare part', 'SPD', '50000'),
('4293', 'Category B Light machineries spare part', 'SPD', '40000'),
('4294', 'Category C Smaller Machineries Spare Part', 'SPD', '15000');

-- --------------------------------------------------------

--
-- Table structure for table `role`
--

CREATE TABLE `role` (
  `role_id` varchar(5) NOT NULL DEFAULT '',
  `role_name` varchar(60) DEFAULT NULL,
  `role_enabled` char(1) DEFAULT NULL,
  `created` datetime DEFAULT NULL
) ENGINE=InnoDB DEFAULT CHARSET=utf8;

--
-- Dumping data for table `role`
--

INSERT INTO `role` (`role_id`, `role_name`, `role_enabled`, `created`) VALUES
('001', 'Super Administrator', '', '2009-10-31 18:54:57'),
('002', 'Operating Officer', '', '2016-10-26 16:47:09');

-- --------------------------------------------------------

--
-- Table structure for table `userdata`
--

CREATE TABLE `userdata` (
  `username` varchar(100) NOT NULL,
  `password` varchar(100) NOT NULL,
  `role_id` varchar(20) NOT NULL,
  `role_name` varchar(40) NOT NULL,
  `firstname` varchar(60) NOT NULL,
  `lastname` varchar(60) NOT NULL,
  `email` varchar(100) NOT NULL,
  `mobile_phone` varchar(20) NOT NULL,
  `created` datetime DEFAULT NULL,
  `login_status` char(1) DEFAULT NULL,
  `contact_address` varchar(200) DEFAULT NULL
) ENGINE=InnoDB DEFAULT CHARSET=utf8 COMMENT='InnoDB free: 11264 kB; InnoDB free: 11264 kB; InnoDB free: 1';

--
-- Dumping data for table `userdata`
--

INSERT INTO `userdata` (`username`, `password`, `role_id`, `role_name`, `firstname`, `lastname`, `email`, `mobile_phone`, `created`, `login_status`, `contact_address`) VALUES
('nel@mail.com', '0x5956327b72606836', '002', '', 'Nelson', 'Omoniyi', 'nel@mail.com', '08096506422', '2022-10-28 12:35:16', NULL, NULL),
('sam@gmail.com', '0x0aca73c9dc9d3856', '002', '', 'Nelson', 'Omoniyi', 'sam@gmail.com', '08096506422', '2022-06-06 05:30:46', NULL, NULL),
('sam@mail.com', '123456', '001', '', 'Sam', 'James', 'sam@mail.com', '08035153080', '2018-03-09 16:32:05', NULL, 'skajjs');

--
-- Indexes for dumped tables
--

--
-- Indexes for table `userdata`
--
ALTER TABLE `userdata`
  ADD PRIMARY KEY (`username`,`password`);
COMMIT;

/*!40101 SET CHARACTER_SET_CLIENT=@OLD_CHARACTER_SET_CLIENT */;
/*!40101 SET CHARACTER_SET_RESULTS=@OLD_CHARACTER_SET_RESULTS */;
/*!40101 SET COLLATION_CONNECTION=@OLD_COLLATION_CONNECTION */;
